{
  "project_info": {
    "project_number": "146989649227",
    "project_id": "series-70cb1",
    "storage_bucket": "series-70cb1.appspot.com"
  },
  "client": [
    {
      "client_info": {
        "mobilesdk_app_id": "1:146989649227:android:5fd7989e09b540c370acce",
        "android_client_info": {
          "package_name": "com.example.series"
        }
      },
      "oauth_client": [
        {
          "client_id": "146989649227-glat5uuvrveaputnhofjkaqveulh0htp.apps.googleusercontent.com",
          "client_type": 3
        }
      ],
      "api_key": [
        {
          "current_key": "AIzaSyAYwXs08h2XEH4Y-M8WcOE22mewKLJQQ3E"
        }
      ],
      "services": {
        "appinvite_service": {
          "other_platform_oauth_client": [
            {
              "client_id": "146989649227-glat5uuvrveaputnhofjkaqveulh0htp.apps.googleusercontent.com",
              "client_type": 3
            }
          ]
        }
      }
    }
  ],
  "configuration_version": "1"
}